Date,Started,Finished,Duration (min),Breakout,Pre-Breakout,Launch Pad,Smart Money,Git Add,Git Commit,Git Push,Overall
2026-08-05,08:15:01,09:39:37,84.6,SUCCESS,SUCCESS,SUCCESS,SUCCESS,SUCCESS,SUCCESS,SUCCESS,SUCCESS
2026-08-07,08:15:01,09:37:10,82.2,SUCCESS,SUCCESS,SUCCESS,SUCCESS,SUCCESS,SUCCESS,SUCCESS,SUCCESS
2026-08-08,08:15:01,09:37:30,82.5,SUCCESS,SUCCESS,SUCCESS,SUCCESS,SUCCESS,SUCCESS,SUCCESS,SUCCESS
2026-08-11,08:15:01,09:40:13,85.2,SUCCESS,SUCCESS,SUCCESS,SUCCESS,SUCCESS,SUCCESS,SUCCESS,SUCCESS
2026-08-12,08:15:01,09:38:29,83.5,SUCCESS,SUCCESS,SUCCESS,SUCCESS,SUCCESS,SUCCESS,SUCCESS,SUCCESS
2026-08-13,10:57:02,12:30:49,93.8,SUCCESS,SUCCESS,SUCCESS,SUCCESS,SUCCESS,SUCCESS,SUCCESS,SUCCESS
2026-08-14,08:15:00,09:41:56,86.9,SUCCESS,SUCCESS,SUCCESS,SUCCESS,SUCCESS,SUCCESS,SUCCESS,SUCCESS
2026-08-15,08:15:00,09:37:56,82.9,SUCCESS,SUCCESS,SUCCESS,SUCCESS,SUCCESS,SUCCESS,SUCCESS,SUCCESS
2026-08-18,09:49:29,11:18:21,88.9,SUCCESS,SUCCESS,SUCCESS,SUCCESS,SUCCESS,SUCCESS,SUCCESS,SUCCESS
2026-08-19,08:15:00,09:37:03,82.0,SUCCESS,SUCCESS,SUCCESS,SUCCESS,SUCCESS,SUCCESS,SUCCESS,SUCCESS
